{
  "best_individual": [
    50.0,
    30.21509314868962,
    5.099415561188868,
    4.608753187324988,
    116.80161636943903,
    163.8502250703006,
    61.78331481106628,
    23.54933286683753,
    22.900757800487696,
    0.503424948828796
  ],
  "fitness_mass": 0.2883738701953872,
  "fitness_violations": 0.0,
  "geometry": {
    "beam_height": 50.0,
    "beam_width": 30.21509314868962,
    "web_thickness": 5.099415561188868,
    "flange_thickness": 4.608753187324988,
    "big_end_width": 116.80161636943903,
    "small_end_width": 163.8502250703006,
    "small_end_diameter": 61.78331481106628,
    "fillet_big": 23.54933286683753,
    "fillet_small": 22.900757800487696,
    "lattice_relative_density": 0.503424948828796
  },
  "metrics": {
    "mass_kg": 0.2883738701953872,
    "axial_stress_comp_mpa": 431.6771285043834,
    "axial_stress_tens_mpa": 199.3937212615485,
    "bending_stress_mpa": 15.193227908090773,
    "total_stress_comp_mpa": 446.87035641247417,
    "total_stress_tens_mpa": 214.58694916963927,
    "buckling_critical_stress_mpa": 543.4287033365437,
    "buckling_safety_factor": 1.2588776830019743,
    "bearing_pressure_big_mpa": 20.785206063082363,
    "bearing_pressure_small_mpa": 20.744408070614288,
    "fatigue_safety_factor": 1.1419758223174283,
    "slenderness_ratio": 22.490508669173618,
    "lattice_relative_density": 0.503424948828796,
    "effective_yield_strength_mpa": 642.9461602318327,
    "effective_modulus_mpa": 53221.70261168793
  },
  "constraints_satisfied": {
    "buckling_ok": "True",
    "compressive_stress_ok": true,
    "tensile_stress_ok": true,
    "bearing_pressure_ok": true,
    "fatigue_ok": true,
    "mass_ok": true,
    "lattice_density_ok": true
  },
  "feasible_count": 8,
  "bounds": {
    "beam_height": [
      50.0,
      200.0
    ],
    "beam_width": [
      30.0,
      150.0
    ],
    "web_thickness": [
      5.0,
      50.0
    ],
    "flange_thickness": [
      4.0,
      35.0
    ],
    "big_end_width": [
      40.0,
      200.0
    ],
    "small_end_width": [
      30.0,
      200.0
    ],
    "small_end_diameter": [
      25.0,
      120.0
    ],
    "fillet_big": [
      1.0,
      30.0
    ],
    "fillet_small": [
      0.5,
      25.0
    ],
    "lattice_relative_density": [
      0.5,
      1.0
    ]
  },
  "loads": {
    "compression_force_n": 210000.0,
    "tensile_force_n": 97000.0,
    "eccentricity_mm": 0.5
  },
  "logbook": [
    {
      "gen": 0,
      "nevals": 80,
      "avg": 200003.75279422026,
      "min": 1.047353311583929,
      "max": 1000000.0
    },
    {
      "gen": 1,
      "nevals": 60,
      "avg": 462501.8896681483,
      "min": 1.047353311583929,
      "max": 1000000.0
    },
    {
      "gen": 2,
      "nevals": 65,
      "avg": 550001.3704122864,
      "min": 1.047353311583929,
      "max": 1000000.0
    },
    {
      "gen": 3,
      "nevals": 67,
      "avg": 425001.4713952014,
      "min": 1.047353311583929,
      "max": 1000000.0
    },
    {
      "gen": 4,
      "nevals": 67,
      "avg": 325001.48765944905,
      "min": 1.0473533115839289,
      "max": 1000000.0
    },
    {
      "gen": 5,
      "nevals": 57,
      "avg": 362501.1907005254,
      "min": 0.6645417617093075,
      "max": 1000000.0
    },
    {
      "gen": 6,
      "nevals": 70,
      "avg": 237501.2539418256,
      "min": 0.8152861072432164,
      "max": 1000000.0
    },
    {
      "gen": 7,
      "nevals": 68,
      "avg": 275001.0659701865,
      "min": 0.8870325961829618,
      "max": 1000000.0
    },
    {
      "gen": 8,
      "nevals": 54,
      "avg": 150001.0200536478,
      "min": 0.6513708272482811,
      "max": 1000000.0
    },
    {
      "gen": 9,
      "nevals": 58,
      "avg": 137500.85122396116,
      "min": 0.6513708272482811,
      "max": 1000000.0
    },
    {
      "gen": 10,
      "nevals": 64,
      "avg": 112500.76740959569,
      "min": 0.5781855236212933,
      "max": 1000000.0
    },
    {
      "gen": 11,
      "nevals": 58,
      "avg": 137500.63213818992,
      "min": 0.5539787168508649,
      "max": 1000000.0
    },
    {
      "gen": 12,
      "nevals": 54,
      "avg": 75000.61818184805,
      "min": 0.45297289799616675,
      "max": 1000000.0
    },
    {
      "gen": 13,
      "nevals": 65,
      "avg": 187500.5094421462,
      "min": 0.45297289799616675,
      "max": 1000000.0
    },
    {
      "gen": 14,
      "nevals": 63,
      "avg": 200000.45598424663,
      "min": 0.45297289799616675,
      "max": 1000000.0
    },
    {
      "gen": 15,
      "nevals": 66,
      "avg": 350000.35362071695,
      "min": 0.364396665502975,
      "max": 1000000.0
    },
    {
      "gen": 16,
      "nevals": 62,
      "avg": 287500.3776662063,
      "min": 0.364396665502975,
      "max": 1000000.0
    },
    {
      "gen": 17,
      "nevals": 69,
      "avg": 237500.3661626784,
      "min": 0.364396665502975,
      "max": 1000000.0
    },
    {
      "gen": 18,
      "nevals": 61,
      "avg": 175000.3774753315,
      "min": 0.38608234659161106,
      "max": 1000000.0
    },
    {
      "gen": 19,
      "nevals": 62,
      "avg": 162500.35860681866,
      "min": 0.35439274752068295,
      "max": 1000000.0
    },
    {
      "gen": 20,
      "nevals": 61,
      "avg": 200000.32308267878,
      "min": 0.31330446265688655,
      "max": 1000000.0
    },
    {
      "gen": 21,
      "nevals": 76,
      "avg": 325000.26729184494,
      "min": 0.3242849377613536,
      "max": 1000000.0
    },
    {
      "gen": 22,
      "nevals": 55,
      "avg": 137500.32961040002,
      "min": 0.3165310462469694,
      "max": 1000000.0
    },
    {
      "gen": 23,
      "nevals": 62,
      "avg": 175000.30639950914,
      "min": 0.30845202171541425,
      "max": 1000000.0
    },
    {
      "gen": 24,
      "nevals": 66,
      "avg": 237500.2694652785,
      "min": 0.2957643573320351,
      "max": 1000000.0
    },
    {
      "gen": 25,
      "nevals": 56,
      "avg": 137500.29949545677,
      "min": 0.3101080218502508,
      "max": 1000000.0
    },
    {
      "gen": 26,
      "nevals": 63,
      "avg": 175000.28336002695,
      "min": 0.2958799129525932,
      "max": 1000000.0
    },
    {
      "gen": 27,
      "nevals": 50,
      "avg": 75000.30081764265,
      "min": 0.2874338985075352,
      "max": 1000000.0
    },
    {
      "gen": 28,
      "nevals": 61,
      "avg": 112500.27649622143,
      "min": 0.2871774253387647,
      "max": 1000000.0
    },
    {
      "gen": 29,
      "nevals": 68,
      "avg": 87500.28373708393,
      "min": 0.28319795067523423,
      "max": 1000000.0
    },
    {
      "gen": 30,
      "nevals": 57,
      "avg": 87500.27193222514,
      "min": 0.28149770774354355,
      "max": 1000000.0
    },
    {
      "gen": 31,
      "nevals": 66,
      "avg": 75000.27121654183,
      "min": 0.27794483158828936,
      "max": 1000000.0
    },
    {
      "gen": 32,
      "nevals": 65,
      "avg": 175000.24249258792,
      "min": 0.27370531421181943,
      "max": 1000000.0
    },
    {
      "gen": 33,
      "nevals": 68,
      "avg": 100000.26579981325,
      "min": 0.2757863992125311,
      "max": 1000000.0
    },
    {
      "gen": 34,
      "nevals": 70,
      "avg": 187500.2302009032,
      "min": 0.27460582738241784,
      "max": 1000000.0
    },
    {
      "gen": 35,
      "nevals": 62,
      "avg": 150000.24054333023,
      "min": 0.2742019706538613,
      "max": 1000000.0
    },
    {
      "gen": 36,
      "nevals": 66,
      "avg": 175000.23485612418,
      "min": 0.2736607594466315,
      "max": 1000000.0
    },
    {
      "gen": 37,
      "nevals": 56,
      "avg": 100000.25622874305,
      "min": 0.27166129703938807,
      "max": 1000000.0
    },
    {
      "gen": 38,
      "nevals": 54,
      "avg": 225000.21715083002,
      "min": 0.2692714309119967,
      "max": 1000000.0
    },
    {
      "gen": 39,
      "nevals": 67,
      "avg": 200000.2234073951,
      "min": 0.2685563330513708,
      "max": 1000000.0
    },
    {
      "gen": 40,