{
  "best_individual": [
    25.46041167977111,
    15.774662894108342,
    5.863741477500006,
    2.115954710873287,
    40.29413496877791,
    25.439971370353312,
    25.709766812756218,
    7.583670730406383,
    9.09091298298771
  ],
  "fitness_mass": 1.0358614540061308,
  "fitness_violations": 6.0,
  "geometry": {
    "beam_height": 25.46041167977111,
    "beam_width": 15.774662894108342,
    "web_thickness": 5.863741477500006,
    "flange_thickness": 2.115954710873287,
    "big_end_width": 40.29413496877791,
    "small_end_width": 25.439971370353312,
    "small_end_diameter": 25.709766812756218,
    "fillet_big": 7.583670730406383,
    "fillet_small": 9.09091298298771
  },
  "metrics": {
    "mass_kg": 1.0358614540061308,
    "axial_stress_comp_mpa": 941.2483562620992,
    "axial_stress_tens_mpa": 434.0200753875235,
    "bending_stress_mpa": 83.05550922936422,
    "total_stress_comp_mpa": 1024.3038654914633,
    "total_stress_tens_mpa": 517.0755846168877,
    "buckling_critical_stress_mpa": 450.97421800906704,
    "buckling_safety_factor": 0.4791235118858356,
    "bearing_pressure_big_mpa": 51.64336837367878,
    "bearing_pressure_small_mpa": 275.205905687181,
    "fatigue_safety_factor": 0.6947480313767613,
    "slenderness_ratio": 49.71393197686305
  },
  "constraints_satisfied": {
    "buckling_ok": "False",
    "compressive_stress_ok": false,
    "tensile_stress_ok": false,
    "bearing_pressure_ok": false,
    "fatigue_ok": false,
    "mass_ok": false
  },
  "feasible_count": 0,
  "bounds": {
    "beam_height": [
      25.0,
      120.0
    ],
    "beam_width": [
      15.0,
      100.0
    ],
    "web_thickness": [
      3.0,
      30.0
    ],
    "flange_thickness": [
      2.0,
      25.0
    ],
    "big_end_width": [
      25.0,
      120.0
    ],
    "small_end_width": [
      15.0,
      120.0
    ],
    "small_end_diameter": [
      25.0,
      85.0
    ],
    "fillet_big": [
      1.0,
      20.0
    ],
    "fillet_small": [
      0.5,
      18.0
    ]
  },
  "loads": {
    "compression_force_n": 180000.0,
    "tensile_force_n": 83000.0,
    "eccentricity_mm": 0.5
  },
  "logbook": [
    {
      "gen": 0,
      "nevals": 30,
      "avg": 300007.04736291035,
      "min": 3.293428422192631,
      "max": 1000000.0
    },
    {
      "gen": 1,
      "nevals": 20,
      "avg": 333337.6894951525,
      "min": 3.3170454544213888,
      "max": 1000000.0
    },
    {
      "gen": 2,
      "nevals": 30,
      "avg": 600002.3174887901,
      "min": 2.9379595537252294,
      "max": 1000000.0
    },
    {
      "gen": 3,
      "nevals": 19,
      "avg": 366669.59844835027,
      "min": 2.675939182352524,
      "max": 1000000.0
    },
    {
      "gen": 4,
      "nevals": 17,
      "avg": 400002.178362257,
      "min": 2.402050767224733,
      "max": 1000000.0
    },
    {
      "gen": 5,
      "nevals": 12,
      "avg": 200002.68103359794,
      "min": 2.675120784173443,
      "max": 1000000.0
    },
    {
      "gen": 6,
      "nevals": 28,
      "avg": 300002.2731983707,
      "min": 2.6274321235004066,
      "max": 1000000.0
    },
    {
      "gen": 7,
      "nevals": 23,
      "avg": 166669.05345987077,
      "min": 1.5086598959972284,
      "max": 1000000.0
    },
    {
      "gen": 8,
      "nevals": 24,
      "avg": 200001.9420447437,
      "min": 1.4019789474907325,
      "max": 1000000.0
    },
    {
      "gen": 9,
      "nevals": 21,
      "avg": 166668.63758106236,
      "min": 1.3654852673965705,
      "max": 1000000.0
    },
    {
      "gen": 10,
      "nevals": 23,
      "avg": 66668.54086532195,
      "min": 1.39132006815373,
      "max": 1000000.0
    },
    {
      "gen": 11,
      "nevals": 23,
      "avg": 133334.70951492817,
      "min": 1.2828394306562467,
      "max": 1000000.0
    },
    {
      "gen": 12,
      "nevals": 22,
      "avg": 133334.6454432876,
      "min": 1.2851219857835812,
      "max": 1000000.0
    },
    {
      "gen": 13,
      "nevals": 20,
      "avg": 166667.8461765642,
      "min": 1.2793980294066887,
      "max": 1000000.0
    },
    {
      "gen": 14,
      "nevals": 26,
      "avg": 133334.55271209343,
      "min": 1.1517849338566277,
      "max": 1000000.0
    },
    {
      "gen": 15,
      "nevals": 16,
      "avg": 33334.59168600449,
      "min": 1.1384900788519936,
      "max": 1000000.0
    },
    {
      "gen": 16,
      "nevals": 28,
      "avg": 166667.68062822815,
      "min": 1.1205163408220549,
      "max": 1000000.0
    },
    {
      "gen": 17,
      "nevals": 26,
      "avg": 100001.10769912152,
      "min": 1.1278573548577882,
      "max": 1000000.0
    },
    {
      "gen": 18,
      "nevals": 26,
      "avg": 100001.05020308684,
      "min": 1.1280832783219712,
      "max": 1000000.0
    },
    {
      "gen": 19,
      "nevals": 21,
      "avg": 100001.04468416375,
      "min": 1.055615264165185,
      "max": 1000000.0
    },
    {
      "gen": 20,
      "nevals": 23,
      "avg": 166667.59430960083,
      "min": 1.0358614540061308,
      "max": 1000000.0
    }
  ]
}