{
  "best_individual": [
    27.980431669978945,
    17.403071544962835,
    3.8363618868282803,
    2.018319565674339,
    53.70173746088956,
    24.332877241747067,
    60.433984081711785,
    5.789894152066392,
    6.144123186710059,
    0.21917789780815156
  ],
  "fitness_mass": 0.04183688762859631,
  "fitness_violations": 4.0,
  "geometry": {
    "beam_height": 27.980431669978945,
    "beam_width": 17.403071544962835,
    "web_thickness": 3.8363618868282803,
    "flange_thickness": 2.018319565674339,
    "big_end_width": 53.70173746088956,
    "small_end_width": 24.332877241747067,
    "small_end_diameter": 60.433984081711785,
    "fillet_big": 5.789894152066392,
    "fillet_small": 6.144123186710059,
    "lattice_relative_density": 0.21917789780815156
  },
  "metrics": {
    "mass_kg": 0.04183688762859631,
    "axial_stress_comp_mpa": 1110.3779003074073,
    "axial_stress_tens_mpa": 512.0075873639711,
    "bending_stress_mpa": 77.48418335905292,
    "total_stress_comp_mpa": 1187.8620836664602,
    "total_stress_tens_mpa": 589.491770723024,
    "buckling_critical_stress_mpa": 51.475310108523594,
    "buckling_safety_factor": 0.04635837050996124,
    "bearing_pressure_big_mpa": 38.7496746638197,
    "bearing_pressure_small_mpa": 122.40462116550817,
    "fatigue_safety_factor": 0.1242060857525991,
    "slenderness_ratio": 43.98015862474875,
    "lattice_relative_density": 0.21917789780815156,
    "effective_yield_strength_mpa": 184.7003170267684,
    "effective_modulus_mpa": 10088.17968639611
  },
  "constraints_satisfied": {
    "buckling_ok": "False",
    "compressive_stress_ok": false,
    "tensile_stress_ok": false,
    "bearing_pressure_ok": true,
    "fatigue_ok": false,
    "mass_ok": true,
    "lattice_density_ok": true
  },
  "feasible_count": 0,
  "bounds": {
    "beam_height": [
      25.0,
      150.0
    ],
    "beam_width": [
      15.0,
      120.0
    ],
    "web_thickness": [
      3.0,
      40.0
    ],
    "flange_thickness": [
      2.0,
      30.0
    ],
    "big_end_width": [
      25.0,
      150.0
    ],
    "small_end_width": [
      15.0,
      150.0
    ],
    "small_end_diameter": [
      25.0,
      100.0
    ],
    "fillet_big": [
      1.0,
      25.0
    ],
    "fillet_small": [
      0.5,
      20.0
    ],
    "lattice_relative_density": [
      0.2,
      1.0
    ]
  },
  "loads": {
    "compression_force_n": 180000.0,
    "tensile_force_n": 83000.0,
    "eccentricity_mm": 0.5
  },
  "logbook": [
    {
      "gen": 0,
      "nevals": 40,
      "avg": 225002.18139226516,
      "min": 0.4358824846928584,
      "max": 1000000.0
    },
    {
      "gen": 1,
      "nevals": 33,
      "avg": 450001.017061087,
      "min": 0.6219359364677483,
      "max": 1000000.0
    },
    {
      "gen": 2,
      "nevals": 31,
      "avg": 400000.62182746327,
      "min": 0.4113887272009035,
      "max": 1000000.0
    },
    {
      "gen": 3,
      "nevals": 28,
      "avg": 225000.77136876312,
      "min": 0.36851887782982806,
      "max": 1000000.0
    },
    {
      "gen": 4,
      "nevals": 33,
      "avg": 225000.55595047743,
      "min": 0.33716513312621144,
      "max": 1000000.0
    },
    {
      "gen": 5,
      "nevals": 33,
      "avg": 200000.4647330769,
      "min": 0.30478946018262215,
      "max": 1000000.0
    },
    {
      "gen": 6,
      "nevals": 33,
      "avg": 100000.4439595223,
      "min": 0.29247837104137003,
      "max": 1000000.0
    },
    {
      "gen": 7,
      "nevals": 20,
      "avg": 100000.35469387964,
      "min": 0.19219259499507288,
      "max": 1000000.0
    },
    {
      "gen": 8,
      "nevals": 33,
      "avg": 75000.33197230492,
      "min": 0.17926079861167662,
      "max": 1000000.0
    },
    {
      "gen": 9,
      "nevals": 29,
      "avg": 75000.24971562247,
      "min": 0.17881797839717442,
      "max": 1000000.0
    },
    {
      "gen": 10,
      "nevals": 31,
      "avg": 75000.21315620454,
      "min": 0.15170531059399053,
      "max": 1000000.0
    },
    {
      "gen": 11,
      "nevals": 27,
      "avg": 50000.187646463884,
      "min": 0.1225438313907215,
      "max": 1000000.0
    },
    {
      "gen": 12,
      "nevals": 30,
      "avg": 100000.15546564604,
      "min": 0.09241613300082832,
      "max": 1000000.0
    },
    {
      "gen": 13,
      "nevals": 34,
      "avg": 125000.12686969867,
      "min": 0.09082658855384715,
      "max": 1000000.0
    },
    {
      "gen": 14,
      "nevals": 30,
      "avg": 150000.10999922577,
      "min": 0.09616336928969682,
      "max": 1000000.0
    },
    {
      "gen": 15,
      "nevals": 33,
      "avg": 200000.0875058206,
      "min": 0.07843304750340355,
      "max": 1000000.0
    },
    {
      "gen": 16,
      "nevals": 33,
      "avg": 75000.09389009827,
      "min": 0.07501901939144881,
      "max": 1000000.0
    },
    {
      "gen": 17,
      "nevals": 31,
      "avg": 200000.07283152913,
      "min": 0.06788135920705658,
      "max": 1000000.0
    },
    {
      "gen": 18,
      "nevals": 33,
      "avg": 100000.07458035226,
      "min": 0.0660059113772861,
      "max": 1000000.0
    },
    {
      "gen": 19,
      "nevals": 28,
      "avg": 175000.0632664546,
      "min": 0.06223448954432484,
      "max": 1000000.0
    },
    {
      "gen": 20,
      "nevals": 35,
      "avg": 200000.05748858865,
      "min": 0.054904669388247236,
      "max": 1000000.0
    },
    {
      "gen": 21,
      "nevals": 30,
      "avg": 50000.06383108058,
      "min": 0.054904669388247236,
      "max": 1000000.0
    },
    {
      "gen": 22,
      "nevals": 34,
      "avg": 100000.05617129736,
      "min": 0.05214790181690922,
      "max": 1000000.0
    },
    {
      "gen": 23,
      "nevals": 33,
      "avg": 100000.052982857,
      "min": 0.04304092068961078,
      "max": 1000000.0
    },
    {
      "gen": 24,
      "nevals": 33,
      "avg": 125000.04826869797,
      "min": 0.04186870933711996,
      "max": 1000000.0
    },
    {
      "gen": 25,
      "nevals": 29,
      "avg": 150000.04563510366,
      "min": 0.04183688762859631,
      "max": 1000000.0
    }
  ]
}