{
  "best_individual": [
    25.24039735882746,
    18.775926185586034,
    3.5624072384741376,
    2.059749756522228,
    98.29294789855214,
    134.5307346790189,
    88.82312181643002,
    10.525975515971552,
    16.949906628168115,
    0.5438479491296084
  ],
  "fitness_mass": 0.09771487140480119,
  "fitness_violations": 4.0,
  "geometry": {
    "beam_height": 25.24039735882746,
    "beam_width": 18.775926185586034,
    "web_thickness": 3.5624072384741376,
    "flange_thickness": 2.059749756522228,
    "big_end_width": 98.29294789855214,
    "small_end_width": 134.5307346790189,
    "small_end_diameter": 88.82312181643002,
    "fillet_big": 10.525975515971552,
    "fillet_small": 16.949906628168115,
    "lattice_relative_density": 0.5438479491296084
  },
  "metrics": {
    "mass_kg": 0.09771487140480119,
    "axial_stress_comp_mpa": 1179.6420663595818,
    "axial_stress_tens_mpa": 543.9460639324739,
    "bending_stress_mpa": 85.94976865974797,
    "total_stress_comp_mpa": 1265.5918350193297,
    "total_stress_tens_mpa": 629.8958325922218,
    "buckling_critical_stress_mpa": 411.65436440901385,
    "buckling_safety_factor": 0.3489654838093339,
    "bearing_pressure_big_mpa": 21.170642451776352,
    "bearing_pressure_small_mpa": 15.063467618045893,
    "fatigue_safety_factor": 0.45591846425648086,
    "slenderness_ratio": 38.20715694155986,
    "lattice_relative_density": 0.5438479491296084,
    "effective_yield_strength_mpa": 721.9194583778298,
    "effective_modulus_mpa": 62111.82427222104
  },
  "constraints_satisfied": {
    "buckling_ok": "False",
    "compressive_stress_ok": false,
    "tensile_stress_ok": false,
    "bearing_pressure_ok": true,
    "fatigue_ok": false,
    "mass_ok": true,
    "lattice_density_ok": true
  },
  "feasible_count": 0,
  "bounds": {
    "beam_height": [
      25.0,
      200.0
    ],
    "beam_width": [
      15.0,
      150.0
    ],
    "web_thickness": [
      3.0,
      50.0
    ],
    "flange_thickness": [
      2.0,
      35.0
    ],
    "big_end_width": [
      25.0,
      200.0
    ],
    "small_end_width": [
      15.0,
      200.0
    ],
    "small_end_diameter": [
      25.0,
      120.0
    ],
    "fillet_big": [
      1.0,
      30.0
    ],
    "fillet_small": [
      0.5,
      25.0
    ],
    "lattice_relative_density": [
      0.5,
      1.0
    ]
  },
  "loads": {
    "compression_force_n": 180000.0,
    "tensile_force_n": 83000.0,
    "eccentricity_mm": 0.5
  },
  "logbook": [
    {
      "gen": 0,
      "nevals": 40,
      "avg": 400002.59510717925,
      "min": 0.7530065319748828,
      "max": 1000000.0
    },
    {
      "gen": 1,
      "nevals": 28,
      "avg": 475001.7315684025,
      "min": 0.7530065319748828,
      "max": 1000000.0
    },
    {
      "gen": 2,
      "nevals": 30,
      "avg": 600001.0231863115,
      "min": 0.6672345690298481,
      "max": 1000000.0
    },
    {
      "gen": 3,
      "nevals": 32,
      "avg": 450000.9425292367,
      "min": 0.3796105455263566,
      "max": 1000000.0
    },
    {
      "gen": 4,
      "nevals": 37,
      "avg": 475000.55029903667,
      "min": 0.41744221075148524,
      "max": 1000000.0
    },
    {
      "gen": 5,
      "nevals": 26,
      "avg": 425000.49683672155,
      "min": 0.3603322613149061,
      "max": 1000000.0
    },
    {
      "gen": 6,
      "nevals": 26,
      "avg": 275000.5452387185,
      "min": 0.3968055582240488,
      "max": 1000000.0
    },
    {
      "gen": 7,
      "nevals": 35,
      "avg": 275000.41185372975,
      "min": 0.3362172127456219,
      "max": 1000000.0
    },
    {
      "gen": 8,
      "nevals": 30,
      "avg": 200000.44774626108,
      "min": 0.3077364337811484,
      "max": 1000000.0
    },
    {
      "gen": 9,
      "nevals": 34,
      "avg": 125000.42260816395,
      "min": 0.2469583674626561,
      "max": 1000000.0
    },
    {
      "gen": 10,
      "nevals": 35,
      "avg": 100000.34728388589,
      "min": 0.21209182250867645,
      "max": 1000000.0
    },
    {
      "gen": 11,
      "nevals": 30,
      "avg": 225000.26123993206,
      "min": 0.21209182250867645,
      "max": 1000000.0
    },
    {
      "gen": 12,
      "nevals": 27,
      "avg": 125000.27015141146,
      "min": 0.1802152201908361,
      "max": 1000000.0
    },
    {
      "gen": 13,
      "nevals": 32,
      "avg": 150000.20862843504,
      "min": 0.17405308978095294,
      "max": 1000000.0
    },
    {
      "gen": 14,
      "nevals": 24,
      "avg": 200000.18807058447,
      "min": 0.17405308978095294,
      "max": 1000000.0
    },
    {
      "gen": 15,
      "nevals": 33,
      "avg": 325000.1437939779,
      "min": 0.17212337215299062,
      "max": 1000000.0
    },
    {
      "gen": 16,
      "nevals": 28,
      "avg": 250000.15208406217,
      "min": 0.16214023146230344,
      "max": 1000000.0
    },
    {
      "gen": 17,
      "nevals": 35,
      "avg": 100000.17115577994,
      "min": 0.1581833760139483,
      "max": 1000000.0
    },
    {
      "gen": 18,
      "nevals": 31,
      "avg": 200000.1417251916,
      "min": 0.14709454037839814,
      "max": 1000000.0
    },
    {
      "gen": 19,
      "nevals": 25,
      "avg": 175000.14676566308,
      "min": 0.1555789660910964,
      "max": 1000000.0
    },
    {
      "gen": 20,
      "nevals": 31,
      "avg": 175000.13997106877,
      "min": 0.14864140555085623,
      "max": 1000000.0
    },
    {
      "gen": 21,
      "nevals": 35,
      "avg": 150000.13603459025,
      "min": 0.14000030097816824,
      "max": 1000000.0
    },
    {
      "gen": 22,
      "nevals": 34,
      "avg": 175000.13618852894,
      "min": 0.12086067186400364,
      "max": 1000000.0
    },
    {
      "gen": 23,
      "nevals": 32,
      "avg": 175000.13095198653,
      "min": 0.09771487140480119,
      "max": 1000000.0
    },
    {
      "gen": 24,
      "nevals": 32,
      "avg": 100000.14166127206,
      "min": 0.09771487140480119,
      "max": 1000000.0
    },
    {
      "gen": 25,
      "nevals": 32,
      "avg": 125000.12185146552,
      "min": 0.09771487140480119,
      "max": 1000000.0
    }
  ]
}