{
  "best_individual": [
    56.325222464069846,
    45.71577638089858,
    3.3076436801786437,
    3.0854179214946007,
    116.7249198133147,
    140.12163127429602,
    42.69963448367825,
    6.691425537920393,
    1.4551781560225359,
    0.5314834819180028
  ],
  "fitness_mass": 0.28036653387626903,
  "fitness_violations": 0.0,
  "geometry": {
    "beam_height": 56.325222464069846,
    "beam_width": 45.71577638089858,
    "web_thickness": 3.3076436801786437,
    "flange_thickness": 3.0854179214946007,
    "big_end_width": 116.7249198133147,
    "small_end_width": 140.12163127429602,
    "small_end_diameter": 42.69963448367825,
    "fillet_big": 6.691425537920393,
    "fillet_small": 1.4551781560225359,
    "lattice_relative_density": 0.5314834819180028
  },
  "metrics": {
    "mass_kg": 0.28036653387626903,
    "axial_stress_comp_mpa": 401.78805378474425,
    "axial_stress_tens_mpa": 185.26893591185427,
    "bending_stress_mpa": 10.790122425230354,
    "total_stress_comp_mpa": 412.57817620997463,
    "total_stress_tens_mpa": 196.05905833708462,
    "buckling_critical_stress_mpa": 654.9572390159359,
    "buckling_safety_factor": 1.6301063031775098,
    "bearing_pressure_big_mpa": 17.827597215911393,
    "bearing_pressure_small_mpa": 30.084525288359522,
    "fatigue_safety_factor": 1.339074440975646,
    "slenderness_ratio": 14.301481960458338,
    "lattice_relative_density": 0.5314834819180028,
    "effective_yield_strength_mpa": 697.4404990302135,
    "effective_modulus_mpa": 59319.68522585364
  },
  "constraints_satisfied": {
    "buckling_ok": "True",
    "compressive_stress_ok": true,
    "tensile_stress_ok": true,
    "bearing_pressure_ok": true,
    "fatigue_ok": true,
    "mass_ok": true,
    "lattice_density_ok": true
  },
  "feasible_count": 3,
  "bounds": {
    "beam_height": [
      25.0,
      200.0
    ],
    "beam_width": [
      15.0,
      150.0
    ],
    "web_thickness": [
      3.0,
      50.0
    ],
    "flange_thickness": [
      2.0,
      35.0
    ],
    "big_end_width": [
      25.0,
      200.0
    ],
    "small_end_width": [
      15.0,
      200.0
    ],
    "small_end_diameter": [
      25.0,
      120.0
    ],
    "fillet_big": [
      1.0,
      30.0
    ],
    "fillet_small": [
      0.5,
      25.0
    ],
    "lattice_relative_density": [
      0.5,
      1.0
    ]
  },
  "loads": {
    "compression_force_n": 180000.0,
    "tensile_force_n": 83000.0,
    "eccentricity_mm": 0.5
  },
  "logbook": [
    {
      "gen": 0,
      "nevals": 40,
      "avg": 400003.19302449154,
      "min": 1.4302800877831687,
      "max": 1000000.0
    },
    {
      "gen": 1,
      "nevals": 33,
      "avg": 600001.9863436904,
      "min": 1.4302800877831687,
      "max": 1000000.0
    },
    {
      "gen": 2,
      "nevals": 35,
      "avg": 550001.8965710393,
      "min": 2.093972270144283,
      "max": 1000000.0
    },
    {
      "gen": 3,
      "nevals": 32,
      "avg": 550001.721689522,
      "min": 2.093972270144283,
      "max": 1000000.0
    },
    {
      "gen": 4,
      "nevals": 31,
      "avg": 475001.90837945056,
      "min": 1.4704523931548765,
      "max": 1000000.0
    },
    {
      "gen": 5,
      "nevals": 22,
      "avg": 275002.31761207967,
      "min": 1.5055368630703836,
      "max": 1000000.0
    },
    {
      "gen": 6,
      "nevals": 30,
      "avg": 350001.6433247073,
      "min": 1.300788272982998,
      "max": 1000000.0
    },
    {
      "gen": 7,
      "nevals": 32,
      "avg": 300001.64009103616,
      "min": 1.304157360339391,
      "max": 1000000.0
    },
    {
      "gen": 8,
      "nevals": 30,
      "avg": 225001.41191081586,
      "min": 0.9483029446040836,
      "max": 1000000.0
    },
    {
      "gen": 9,
      "nevals": 30,
      "avg": 225001.30009256786,
      "min": 0.8077536417254402,
      "max": 1000000.0
    },
    {
      "gen": 10,
      "nevals": 32,
      "avg": 200001.16897623191,
      "min": 0.8077536417254402,
      "max": 1000000.0
    },
    {
      "gen": 11,
      "nevals": 35,
      "avg": 175001.0615756285,
      "min": 0.2734045148367864,
      "max": 1000000.0
    },
    {
      "gen": 12,
      "nevals": 34,
      "avg": 150000.91543342377,
      "min": 0.2734045148367864,
      "max": 1000000.0
    },
    {
      "gen": 13,
      "nevals": 28,
      "avg": 250000.63720672778,
      "min": 0.2734045148367864,
      "max": 1000000.0
    },
    {
      "gen": 14,
      "nevals": 25,
      "avg": 225000.58538577528,
      "min": 0.2734045148367864,
      "max": 1000000.0
    },
    {
      "gen": 15,
      "nevals": 26,
      "avg": 225000.49406485618,
      "min": 0.2734045148367864,
      "max": 1000000.0
    },
    {
      "gen": 16,
      "nevals": 31,
      "avg": 350000.3950631508,
      "min": 0.36276254183797063,
      "max": 1000000.0
    },
    {
      "gen": 17,
      "nevals": 32,
      "avg": 150000.45519349127,
      "min": 0.32767040111480594,
      "max": 1000000.0
    },
    {
      "gen": 18,
      "nevals": 37,
      "avg": 25000.416912665474,
      "min": 0.27110833914061266,
      "max": 1000000.0
    },
    {
      "gen": 19,
      "nevals": 35,
      "avg": 100000.3468321806,
      "min": 0.21523781580596582,
      "max": 1000000.0
    },
    {
      "gen": 20,
      "nevals": 35,
      "avg": 150000.26797419877,
      "min": 0.21523781580596582,
      "max": 1000000.0
    },
    {
      "gen": 21,
      "nevals": 36,
      "avg": 150000.2479358164,
      "min": 0.2041255094203958,
      "max": 1000000.0
    },
    {
      "gen": 22,
      "nevals": 24,
      "avg": 125000.22266218718,
      "min": 0.19787755850010214,
      "max": 1000000.0
    },
    {
      "gen": 23,
      "nevals": 32,
      "avg": 125000.20061078272,
      "min": 0.16680216099093173,
      "max": 1000000.0
    },
    {
      "gen": 24,
      "nevals": 29,
      "avg": 100000.19106210078,
      "min": 0.16680216099093173,
      "max": 1000000.0
    },
    {
      "gen": 25,
      "nevals": 30,
      "avg": 125000.17980844765,
      "min": 0.1350628550709238,
      "max": 1000000.0
    }
  ]
}