{
  "best_individual": [
    38.85647893775706,
    22.576200393392174,
    3.315037044892251,
    2.378913777820917,
    70.4374324272598,
    68.47311613932912,
    59.587186274014975,
    15.811397475628336,
    10.633244322541051,
    0.20694719433212194
  ],
  "fitness_mass": 0.053719804655904486,
  "fitness_violations": 4.0,
  "geometry": {
    "beam_height": 38.85647893775706,
    "beam_width": 22.576200393392174,
    "web_thickness": 3.315037044892251,
    "flange_thickness": 2.378913777820917,
    "big_end_width": 70.4374324272598,
    "small_end_width": 68.47311613932912,
    "small_end_diameter": 59.587186274014975,
    "fillet_big": 15.811397475628336,
    "fillet_small": 10.633244322541051,
    "lattice_relative_density": 0.20694719433212194
  },
  "metrics": {
    "mass_kg": 0.053719804655904486,
    "axial_stress_comp_mpa": 816.5044180567809,
    "axial_stress_tens_mpa": 376.4992594372934,
    "bending_stress_mpa": 37.414127455814416,
    "total_stress_comp_mpa": 853.9185455125953,
    "total_stress_tens_mpa": 413.9133868931078,
    "buckling_critical_stress_mpa": 83.49602549590165,
    "buckling_safety_factor": 0.10226034746341717,
    "bearing_pressure_big_mpa": 29.54288343261639,
    "bearing_pressure_small_mpa": 44.11634599256113,
    "fatigue_safety_factor": 0.15779361798698624,
    "slenderness_ratio": 32.60514691235446,
    "lattice_relative_density": 0.20694719433212194,
    "effective_yield_strength_mpa": 169.45789971837073,
    "effective_modulus_mpa": 8993.69966080678
  },
  "constraints_satisfied": {
    "buckling_ok": "False",
    "compressive_stress_ok": false,
    "tensile_stress_ok": false,
    "bearing_pressure_ok": true,
    "fatigue_ok": false,
    "mass_ok": true,
    "lattice_density_ok": true
  },
  "feasible_count": 0,
  "bounds": {
    "beam_height": [
      25.0,
      150.0
    ],
    "beam_width": [
      15.0,
      120.0
    ],
    "web_thickness": [
      3.0,
      40.0
    ],
    "flange_thickness": [
      2.0,
      30.0
    ],
    "big_end_width": [
      25.0,
      150.0
    ],
    "small_end_width": [
      15.0,
      150.0
    ],
    "small_end_diameter": [
      25.0,
      100.0
    ],
    "fillet_big": [
      1.0,
      25.0
    ],
    "fillet_small": [
      0.5,
      20.0
    ],
    "lattice_relative_density": [
      0.2,
      1.0
    ]
  },
  "loads": {
    "compression_force_n": 180000.0,
    "tensile_force_n": 83000.0,
    "eccentricity_mm": 0.5
  },
  "logbook": [
    {
      "gen": 0,
      "nevals": 40,
      "avg": 275001.99398491846,
      "min": 0.46864166311375505,
      "max": 1000000.0
    },
    {
      "gen": 1,
      "nevals": 28,
      "avg": 375000.86871994776,
      "min": 0.3886738722830281,
      "max": 1000000.0
    },
    {
      "gen": 2,
      "nevals": 33,
      "avg": 300000.6990707775,
      "min": 0.38401831802534725,
      "max": 1000000.0
    },
    {
      "gen": 3,
      "nevals": 32,
      "avg": 300000.47752393095,
      "min": 0.21193383101100197,
      "max": 1000000.0
    },
    {
      "gen": 4,
      "nevals": 31,
      "avg": 400000.30670855765,
      "min": 0.21193383101100197,
      "max": 1000000.0
    },
    {
      "gen": 5,
      "nevals": 29,
      "avg": 275000.33796940115,
      "min": 0.23062031856011792,
      "max": 1000000.0
    },
    {
      "gen": 6,
      "nevals": 37,
      "avg": 200000.32659506172,
      "min": 0.2626512878860292,
      "max": 1000000.0
    },
    {
      "gen": 7,
      "nevals": 36,
      "avg": 125000.31963090673,
      "min": 0.23124051690352362,
      "max": 1000000.0
    },
    {
      "gen": 8,
      "nevals": 31,
      "avg": 125000.28607114188,
      "min": 0.22013002431439424,
      "max": 1000000.0
    },
    {
      "gen": 9,
      "nevals": 32,
      "avg": 150000.25900763212,
      "min": 0.21815103357205082,
      "max": 1000000.0
    },
    {
      "gen": 10,
      "nevals": 25,
      "avg": 175000.2151615909,
      "min": 0.19972738478122937,
      "max": 1000000.0
    },
    {
      "gen": 11,
      "nevals": 34,
      "avg": 100000.21435502518,
      "min": 0.1589887925681097,
      "max": 1000000.0
    },
    {
      "gen": 12,
      "nevals": 31,
      "avg": 75000.20123316982,
      "min": 0.13824572535457932,
      "max": 1000000.0
    },
    {
      "gen": 13,
      "nevals": 30,
      "avg": 250000.14324111614,
      "min": 0.13824572535457932,
      "max": 1000000.0
    },
    {
      "gen": 14,
      "nevals": 36,
      "avg": 175000.15045773672,
      "min": 0.12544647997891675,
      "max": 1000000.0
    },
    {
      "gen": 15,
      "nevals": 23,
      "avg": 125000.13609780357,
      "min": 0.11513359688677027,
      "max": 1000000.0
    },
    {
      "gen": 16,
      "nevals": 32,
      "avg": 150000.11837539956,
      "min": 0.1087973263758966,
      "max": 1000000.0
    },
    {
      "gen": 17,
      "nevals": 34,
      "avg": 175000.10733353483,
      "min": 0.09535283723632487,
      "max": 1000000.0
    },
    {
      "gen": 18,
      "nevals": 36,
      "avg": 50000.121674710696,
      "min": 0.08961088878014647,
      "max": 1000000.0
    },
    {
      "gen": 19,
      "nevals": 29,
      "avg": 0.11317194621226179,
      "min": 0.08961088878014647,
      "max": 0.14563315644614064
    },
    {
      "gen": 20,
      "nevals": 30,
      "avg": 25000.10243780875,
      "min": 0.07904274645399935,
      "max": 1000000.0
    },
    {
      "gen": 21,
      "nevals": 35,
      "avg": 50000.09226335357,
      "min": 0.07856150885814575,
      "max": 1000000.0
    },
    {
      "gen": 22,
      "nevals": 36,
      "avg": 75000.08335996946,
      "min": 0.06596819576969075,
      "max": 1000000.0
    },
    {
      "gen": 23,
      "nevals": 32,
      "avg": 150000.07252047997,
      "min": 0.056284835055820465,
      "max": 1000000.0
    },
    {
      "gen": 24,
      "nevals": 31,
      "avg": 150000.07026556312,
      "min": 0.05986703973467847,
      "max": 1000000.0
    },
    {
      "gen": 25,
      "nevals": 36,
      "avg": 150000.06301266313,
      "min": 0.053719804655904486,
      "max": 1000000.0
    }
  ]
}