{
  "best_individual": [
    33.051655415980136,
    15.441998822194972,
    11.003578762423517,
    5.556599587220372,
    25.181881532565182,
    17.900345144199648,
    29.78051254581019,
    6.2204064594764565,
    4.234921627809629
  ],
  "fitness_mass": 0.8571353611958699,
  "fitness_violations": 4.0,
  "geometry": {
    "beam_height": 33.051655415980136,
    "beam_width": 15.441998822194972,
    "web_thickness": 11.003578762423517,
    "flange_thickness": 5.556599587220372,
    "big_end_width": 25.181881532565182,
    "small_end_width": 17.900345144199648,
    "small_end_diameter": 29.78051254581019,
    "fillet_big": 6.2204064594764565,
    "fillet_small": 4.234921627809629
  },
  "metrics": {
    "mass_kg": 0.8571353611958699,
    "axial_stress_comp_mpa": 435.8231736389614,
    "axial_stress_tens_mpa": 121.06199267748929,
    "bending_stress_mpa": 34.948971914211725,
    "total_stress_comp_mpa": 470.7721455531731,
    "total_stress_tens_mpa": 156.010964591701,
    "buckling_critical_stress_mpa": 604.0528182814317,
    "buckling_safety_factor": 1.3860043586893631,
    "bearing_pressure_big_mpa": 82.63579720205892,
    "bearing_pressure_small_mpa": 337.6594682470271,
    "fatigue_safety_factor": 1.4167086939334985,
    "slenderness_ratio": 39.87029044604793
  },
  "constraints_satisfied": {
    "buckling_ok": "False",
    "compressive_stress_ok": false,
    "tensile_stress_ok": true,
    "bearing_pressure_ok": false,
    "fatigue_ok": false,
    "mass_ok": true
  },
  "feasible_count": 0,
  "bounds": {
    "beam_height": [
      25.0,
      120.0
    ],
    "beam_width": [
      15.0,
      100.0
    ],
    "web_thickness": [
      3.0,
      30.0
    ],
    "flange_thickness": [
      2.0,
      25.0
    ],
    "big_end_width": [
      25.0,
      120.0
    ],
    "small_end_width": [
      15.0,
      120.0
    ],
    "small_end_diameter": [
      25.0,
      85.0
    ],
    "fillet_big": [
      1.0,
      20.0
    ],
    "fillet_small": [
      0.5,
      18.0
    ]
  },
  "logbook": [
    {
      "gen": 0,
      "nevals": 30,
      "avg": 233341.98411275176,
      "min": 4.166351766511927,
      "max": 1000000.0
    },
    {
      "gen": 1,
      "nevals": 25,
      "avg": 400005.72891354933,
      "min": 4.012713389881813,
      "max": 1000000.0
    },
    {
      "gen": 2,
      "nevals": 27,
      "avg": 300005.3527050801,
      "min": 3.1560558419467526,
      "max": 1000000.0
    },
    {
      "gen": 3,
      "nevals": 22,
      "avg": 266671.3223998476,
      "min": 2.7786565462578645,
      "max": 1000000.0
    },
    {
      "gen": 4,
      "nevals": 29,
      "avg": 300003.2764530696,
      "min": 3.038021001493162,
      "max": 1000000.0
    },
    {
      "gen": 5,
      "nevals": 24,
      "avg": 300003.0026548979,
      "min": 2.5277657054303817,
      "max": 1000000.0
    },
    {
      "gen": 6,
      "nevals": 26,
      "avg": 366669.1573508909,
      "min": 2.2882150385675146,
      "max": 1000000.0
    },
    {
      "gen": 7,
      "nevals": 26,
      "avg": 200003.1171520794,
      "min": 1.7115817719683901,
      "max": 1000000.0
    },
    {
      "gen": 8,
      "nevals": 23,
      "avg": 133336.46250765605,
      "min": 1.7115817719683901,
      "max": 1000000.0
    },
    {
      "gen": 9,
      "nevals": 18,
      "avg": 133336.06211765282,
      "min": 1.573586762801853,
      "max": 1000000.0
    },
    {
      "gen": 10,
      "nevals": 28,
      "avg": 233335.1339031461,
      "min": 1.4586033053347618,
      "max": 1000000.0
    },
    {
      "gen": 11,
      "nevals": 20,
      "avg": 200001.72437036622,
      "min": 1.5071323544083346,
      "max": 1000000.0
    },
    {
      "gen": 12,
      "nevals": 23,
      "avg": 66668.45955413234,
      "min": 1.3468110504575797,
      "max": 1000000.0
    },
    {
      "gen": 13,
      "nevals": 27,
      "avg": 66668.18577276959,
      "min": 1.2009063084716327,
      "max": 1000000.0
    },
    {
      "gen": 14,
      "nevals": 24,
      "avg": 66668.15008062759,
      "min": 1.1540943346141057,
      "max": 1000000.0
    },
    {
      "gen": 15,
      "nevals": 27,
      "avg": 133334.62377896838,
      "min": 1.2080514650875922,
      "max": 1000000.0
    },
    {
      "gen": 16,
      "nevals": 26,
      "avg": 200001.21140788382,
      "min": 1.2417535145472318,
      "max": 1000000.0
    },
    {
      "gen": 17,
      "nevals": 21,
      "avg": 33334.69415654362,
      "min": 1.0686820010008438,
      "max": 1000000.0
    },
    {
      "gen": 18,
      "nevals": 24,
      "avg": 133334.48495406905,
      "min": 1.0362112632016907,
      "max": 1000000.0
    },
    {
      "gen": 19,
      "nevals": 19,
      "avg": 100001.0786823704,
      "min": 0.9360121859094352,
      "max": 1000000.0
    },
    {
      "gen": 20,
      "nevals": 26,
      "avg": 233334.2142707162,
      "min": 0.9645122497482211,
      "max": 1000000.0
    },
    {
      "gen": 21,
      "nevals": 20,
      "avg": 33334.42273685704,
      "min": 0.9149284470935367,
      "max": 1000000.0
    },
    {
      "gen": 22,
      "nevals": 24,
      "avg": 133334.2130905322,
      "min": 0.9091724908175564,
      "max": 1000000.0
    },
    {
      "gen": 23,
      "nevals": 23,
      "avg": 100000.88662819324,
      "min": 0.8804536407368183,
      "max": 1000000.0
    },
    {
      "gen": 24,
      "nevals": 22,
      "avg": 100000.88729885111,
      "min": 0.8804536407368183,
      "max": 1000000.0
    },
    {
      "gen": 25,
      "nevals": 23,
      "avg": 33334.22211337677,
      "min": 0.8571353611958699,
      "max": 1000000.0
    }
  ]
}